Scale,CSV Read Time (s),CSV Write Time (s),CSV Size (MB),Parquet Read Time (s),Parquet Write Time (s),Parquet Size (MB)
1,0.37163376808166504,2.3757200241088867,28.210209846496582,0.1725292205810547,0.2182602882385254,10.15148639678955
10,3.6125619411468506,23.365335702896118,282.10178089141846,0.5710649490356445,1.9629991054534912,95.35486221313477
100,59.466201066970825,240.81478190422058,2821.017491340637,21.84182381629944,26.111474752426147,951.7095575332642
